{
    "Date": "2023-07-02",
    "Time": "02:01:39.333189",
    "Input File": "Inputs/TC_CrI3.csv",
    "Temperature": [
        0.009999999776482582,
        5.361500263214111,
        10.713000297546387,
        16.06450080871582,
        21.416000366210938,
        26.767499923706055,
        32.11899948120117,
        37.47050094604492,
        42.821998596191406,
        48.173500061035156,
        53.525001525878906,
        58.87649917602539,
        64.22799682617188,
        69.57949829101562,
        74.93099975585938,
        80.28250122070312,
        85.63400268554688,
        90.98550415039062,
        96.33699798583984,
        101.6884994506836,
        107.04000091552734
    ],
    "Magnetization": [
        0.99993896484375,
        0.9997307062149048,
        0.998773455619812,
        0.997145414352417,
        0.9945991635322571,
        0.9921053647994995,
        0.9891247153282166,
        0.9851674437522888,
        0.9816979765892029,
        0.9764820337295532,
        0.9726442694664001,
        0.9687968492507935,
        0.9613154530525208,
        0.9530665278434753,
        0.9487215280532837,
        0.9395854473114014,
        0.930422842502594,
        0.92484450340271,
        0.912760317325592,
        0.9078908562660217,
        0.8977508544921875
    ],
    "Susceptibility": [
        0.07082430273294449,
        0.001071210135705769,
        0.0026672978419810534,
        0.004202656913548708,
        0.005962773226201534,
        0.0070078084245324135,
        0.007942908443510532,
        0.009418236091732979,
        0.010107563808560371,
        0.011527827009558678,
        0.011991354636847973,
        0.01244574598968029,
        0.014068718068301678,
        0.015701526775956154,
        0.01601484790444374,
        0.017357001081109047,
        0.018734373152256012,
        0.018927710130810738,
        0.020762566477060318,
        0.020596016198396683,
        0.021685020998120308
    ],
    "Calculation Runs": 4,
    "Stability Runs": 40,
    "Size": 128,
    "Threads": 2,
    "Blocks": 512,
    "Box": 16
}